GID;COD_LINEA;DESC_LINEA;ORDINAL_SU;COD_SUBLIN;DESC_SUBLI;COD_VARIAN;DESC_VARIA;CPU
16009404;0;LINEA CERO;1;0;SUBLINEA CERO;0;1
16009406;1;402;1;1;CIUDAD VIEJA - MALVIN;8;A
16009407;2;404;1;2;CJO. J. DE AMÉRICA - PCIO. DE LA LUZ;14;B
16009408;2;404;1;2;CJO. J. DE AMÉRICA - PCIO. DE LA LUZ;20;A
16009409;3;405;1;3;PEÑAROL - PARQUE RODÓ;24;B
16009410;3;405;2;246;GRUTA DE LOURDES - PARQUE RODO;28;B
16009411;3;405;1;3;PEÑAROL - PARQUE RODÓ;37;A
16009412;3;405;2;246;GRUTA DE LOURDES - PARQUE RODO;48;A
16009413;4;407;1;4;PORTONES - PLAZA ESPAÑA;49;B
16009414;4;407;1;4;PORTONES - PLAZA ESPAÑA;52;A
16009415;5;409;1;5;PLAZA ESPAÑA - AVIACION CIVIL;55;B
16009429;14;L14;1;15;PASO DE LA ARENA - PASO MOLINO;168;B
16009430;14;L14;1;15;PASO DE LA ARENA - PASO MOLINO;170;A
16009441;20;546;1;22;BELVEDERE - PORTONES;217;B
16009442;20;546;1;22;BELVEDERE - PORTONES;218;A
16009449;23;100;3;27;PZA.ESPAÑA - V.FARRE;237;B
16009450;23;100;3;27;PZA.ESPAÑA - V.FARRE;242;A
16009457;27;103;6;39;PZA. ESPAÑA - LOS AROMOS;340;B
16009458;27;103;6;39;PZA. ESPAÑA - LOS AROMOS;343;A
16009461;28;104;3;44;PZA. INDEPENDENCIA - PQUE. ROOSEVELT;366;B
16009462;28;104;3;44;PZA. INDEPENDENCIA - PQUE. ROOSEVELT;370;A
16009463;29;105;1;45;PLAZA INDEPENDENCIA - PQUE. ROOSEVELT;372;B
16009464;29;105;1;45;PLAZA INDEPENDENCIA - PQUE. ROOSEVELT;395;A
16009471;31;109;1;53;PZA INDEPENDENCIA - PARQUE ROOSVELT;461;B
16009472;31;109;1;53;PZA INDEPENDENCIA - PARQUE ROOSVELT;469;A
16009473;32;110;3;57;PZA.ESPAÑA - P. MACADAM;498;B
16009474;32;110;3;57;PZA.ESPAÑA - P. MACADAM;522;A
16009481;34;112;3;63;PLAZA ESPAÑA - PUNTA GORDA;591;B
16009482;34;112;3;63;PLAZA ESPAÑA - PUNTA GORDA;593;A
16009483;35;113;1;64;PLAZA ESPAÑA- MALVIN;595;B
16009484;35;113;1;64;PLAZA ESPAÑA- MALVIN;602;A
16009489;38;116;1;69;CIUDAD VIEJA - POCITOS;628;A
16009490;38;116;1;69;CIUDAD VIEJA - POCITOS;630;B
16009491;39;117;1;72;PLAZA INDEPENDENCIA - PUNTA CARRETAS;634;A
16009492;39;117;1;72;PLAZA INDEPENDENCIA - PUNTA CARRETAS;635;B
16009495;41;124;1;79;CIUDAD VIEJA - STA.CATALINA;647;B
16009496;41;124;1;79;CIUDAD VIEJA - STA.CATALINA;650;A
16009497;43;125;1;83;CIUDAD VIEJA -   DIQUE NACIONAL;666;B
16009498;43;125;1;83;CIUDAD VIEJA -   DIQUE NACIONAL;673;A
16009520;50;133;5;101;CIUDAD VIEJA - SANGUINETTI;770;B
16009521;50;133;5;101;CIUDAD VIEJA - SANGUINETTI;771;A
16009526;55;137;2;108;PLAZA ESPAÑA - PASO DE LA ARENA;815;B
16009527;55;137;2;108;PLAZA ESPAÑA - PASO DE LA ARENA;819;A
16009531;57;141;1;112;TEATRO SOLIS -  AV. 8 DE OCTUBRE;833;B
16009532;57;141;1;112;TEATRO SOLIS -  AV. 8 DE OCTUBRE;837;A
16009545;62;144;1;123;TEATRO SOLIS - CTRIO. DEL NORTE;883;B
16009546;62;144;1;123;TEATRO SOLIS - CTRIO. DEL NORTE;888;A
16009619;94;195;1;179;BUCEO - PLAYA CERRO (DIQUE);1434;A
16009620;95;199;1;181;PTA.CARRETAS - CRIO.DEL NORTE;1448;B
16009621;95;199;1;181;PTA.CARRETAS - CRIO.DEL NORTE;1453;A
16009624;98;60;1;185;PLAZA INDEPENDENCIA - PORTONES;1476;B
16009625;98;60;1;185;PLAZA INDEPENDENCIA - PORTONES;1483;A
16009637;107;L1;1;202;PASO ARENA - PAJAS BLANCAS;1551;A
16009638;107;L1;1;202;PASO ARENA - PAJAS BLANCAS;1554;B
16009647;113;L22;1;211;GR.LOURDES-CNO.MALDONADO KM16;1567;B
16009648;113;L22;1;211;GR.LOURDES-CNO.MALDONADO KM16;1569;A
16009651;115;L35;1;213;PASO DE LA ARENA - PTA.ESPINILLO;1575;A
16009652;115;L35;1;213;PASO DE LA ARENA - PTA.ESPINILLO;1577;B
16009653;116;L4;1;214;TERMINAL CERRO - LA BOYADA;1579;B
16009654;116;L4;1;214;TERMINAL CERRO - LA BOYADA;1580;A
16009655;117;L5;1;215;P DE LA ARENA - L.B. BERRES Y GORI;1581;B
16009656;117;L5;1;215;P DE LA ARENA - L.B. BERRES Y GORI;1582;A
16009693;137;L13;1;244;MENDOZA E INSTRUCC -TOLEDO;1758;B
16009694;137;L13;1;244;MENDOZA E INSTRUCC -TOLEDO;1759;A
16009697;130;316;2;235;C.MALD. KM. 16 - POCITOS;1762;B
16009698;130;316;2;235;C.MALD. KM. 16 - POCITOS;1763;A
16009701;84;180;2;164;CIUDAD VIEJA - PZA GERARDO CUESTA;1767;A
16009723;160;L15;1;280;TERMINAL DEL CERRO - PAJAS BLANCAS;2073;B
16009724;160;L15;1;280;TERMINAL DEL CERRO - PAJAS BLANCAS;2074;A
16009729;163;L19;1;283;LOS CILINDROS - PASO DE LA ARENA;2079;A
16009730;163;L19;1;283;LOS CILINDROS - PASO DE LA ARENA;2080;B
16009731;164;L23;1;284;TERMINAL DEL CERRO - SANTA CATALINA;2081;A
16009732;164;L23;1;284;TERMINAL DEL CERRO - SANTA CATALINA;2082;B
16009735;31;109;4;286;PLAZA ESPAÑA - PARQUE ROOSEVELT (NOC_2);2086;B
16009742;50;133;7;291;CIUDAD VIEJA - PAJAS BLANCAS (4:30-9:00);2095;A
16009753;31;109;4;286;PLAZA ESPAÑA - PARQUE ROOSEVELT (NOC_2);2214;A
16009754;38;116;3;313;PLAZA ESPAÑA - POCITOS;2311;A
16009755;38;116;3;313;PLAZA ESPAÑA - POCITOS;2312;B
16009759;107;L1;2;319;PASO ARENA - PAJAS BLANCAS (ESPECIAL);2352;A
16009765;107;L1;2;319;PASO ARENA - PAJAS BLANCAS (ESPECIAL);2379;B
16009772;27;103;9;330;CIUDAD VIEJA - CMNO. MALDONADO KM 16;2390;B
16009773;27;103;9;330;CIUDAD VIEJA - CMNO. MALDONADO KM 16;2391;A
16009774;98;60;4;331;CIUDAD VIEJA - PORTONES;2392;B
16009775;98;60;4;331;CIUDAD VIEJA - PORTONES;2393;A
16009782;78;169;3;335;CIUDAD VIEJA - TOLEDO CHICO;2400;B
16009783;78;169;3;335;CIUDAD VIEJA - TOLEDO CHICO;2401;A
16009793;160;L15;2;343;TERMINAL CERRO - PAJAS BLANCAS(ESPECIAL);2612;A
16009799;41;124;5;702;CIUDAD VIEJA - STA. CATALINA-NOCT;2640;B
16009801;106;D8;3;704;PLAZA INDEPENDENCIA - CAMINO MALDONADO;2643;A
16009808;406;L27;2;709;PASO DE LA ARENA - RUTA 1 KM 26;2656;B
16009809;406;L27;2;709;PASO DE LA ARENA - RUTA 1 KM 26;2657;A
16009820;39;117;4;719;CIUDAD VIEJA - PUNTA CARRETAS;2778;A
16009821;39;117;4;719;CIUDAD VIEJA - PUNTA CARRETAS;2779;B
16009830;2;404;2;724;PCIO. DE LA LUZ - CJO.J. DE AMER(ANTEL);2822;B
16009831;2;404;2;724;PCIO. DE LA LUZ - CJO.J. DE AMER(ANTEL);2823;A
16009842;27;103;11;732;CIUDAD VIEJA - CMNO MALDONADO KM21;2921;B
16009843;27;103;11;732;CIUDAD VIEJA - CMNO MALDONADO KM21;2922;A
16009844;163;L19;3;733;PAJAS BLANCAS - PSO DE LA ARENA;2941;A
16009845;163;L19;3;733;PAJAS BLANCAS - PSO DE LA ARENA;2942;B
16009866;84;180;4;746;PLAZA ESPAÑA - PZA GERARDO CUESTA;2994;A
16009870;94;195;6;748; T. CERRO - CRIO. BUCEO (2-11);2999;A
16009883;160;L15;3;758;TERMINAL DEL CERRO - LA COLORADA;3043;B
16009884;160;L15;3;758;TERMINAL DEL CERRO - LA COLORADA;3044;A
16009887;50;133;13;760;CIUDAD VIEJA - LA COLORADA;3048;B
16009888;50;133;13;760;CIUDAD VIEJA - LA COLORADA;3049;A
16009891;28;104;4;762;PZA. INDEPENDENCIA - RBLA COSTANERA;3060;B
16009892;28;104;4;762;PZA. INDEPENDENCIA - RBLA COSTANERA;3061;A
16009911;5;409;2;6;PLAZA ESPAÑA - SAINT BOIS;3124;B
16009915;425;PA;1;773;PTA DE LA CIUDADELA -PTA DE LA CIUDADELA;3147;B
16009916;426;PB;1;774;PTA DE LA CIUDADELA -PTA DE LA CIUDADELA;3148;B
16009923;62;144;2;780;PLAZA ESPAÑA - CRIO. DEL NORTE;3225;B
16009924;62;144;2;780;PLAZA ESPAÑA - CRIO. DEL NORTE;3226;A
16009926;86;182;3;783;P. RODO PASO MOLINO POR AÑON;3238;A
16009927;427;L30;1;784;P. RIELES COMP. CARCELARIO P. RIELES;3258;A
16009928;427;L30;1;784;P. RIELES COMP. CARCELARIO P. RIELES;3259;B
16009934;55;137;6;789;PLAZA ESPAÑA - PASO DE LA ARENA  (TC);3266;B
16009935;76;163;4;790;POCITOS - PASO DE LA ARENA POR (TC);3267;B
16009946;89;186;2;799;POCITOS SANTA CATALINA (06:00 A 20:00);3311;B
16009970;440;L24;1;813;BELVEDERE - SAYAGO NORTE;3351;B
16009971;440;L24;1;813;BELVEDERE - SAYAGO NORTE;3352;A
16009988;449;526;1;822; MALVIN - COMPLEJO AMERICA;3369;B
16835682;160;L15;2;343;TERMINAL CERRO - PAJAS BLANCAS(ESPECIAL);2611;B
16990471;439;G11;1;812;TERMINAL COLON - MELILLA;3349;B
17065599;439;G11;2;828;TERMINAL COLON - MELILLA (CIRCULAR);3387;B
17065633;438;G10;2;827;TERMINAL COLON - MELILLA_(CIR);3386;A
17065641;438;G10;3;841;TERMINAL COLON - MELILLA (AZAROLA Y RED);3623;A
17065650;439;G11;1;812;TERMINAL COLON - MELILLA;3350;A
17222421;438;G10;1;811;TERMINAL COLON - MELILLA;3347;B
18055806;449;526;1;822; MALVIN - COMPLEJO AMERICA;3370;A
18986516;441;L29;1;814;PASO MOLINO - COMPLEJO AMERICA;3353;B
19060528;441;L29;1;814;PASO MOLINO - COMPLEJO AMERICA;3354;A
19060544;441;L29;2;853;PASO MOLINO - LA CARBONERA;3644;B
19063169;441;L29;2;853;PASO MOLINO - LA CARBONERA;3643;A
19067513;16;522;2;336;POCITOS - SAYAGO;2426;A
19142096;16;522;1;18;POCITOS - SAYAGO (PLANTA);183;B
19142097;16;522;2;336;POCITOS - SAYAGO;2425;B
22161857;5;409;1;5;PLAZA ESPAÑA - AVIACION CIVIL;58;A
22161864;5;409;2;6;PLAZA ESPAÑA - SAINT BOIS;3125;A
22841815;16;522;1;18;POCITOS - SAYAGO (PLANTA);184;A
22920975;441;L29;3;878;PASO MOLINO - COMPLEJO AMERICA_(FERIA);7330;A
22920976;441;L29;4;879;PASO MOLINO - LA CARBONERA_(FERIA);7332;A
22921945;441;L29;3;878;PASO MOLINO - COMPLEJO AMERICA_(FERIA);7331;B
22921952;441;L29;4;879;PASO MOLINO - LA CARBONERA_(FERIA);7333;B
22922900;84;180;2;164;CIUDAD VIEJA - PZA GERARDO CUESTA;1766;B
22922906;84;180;4;746;PLAZA ESPAÑA - PZA GERARDO CUESTA;2993;B
27375419;432;G6;3;883;TERMINAL COLÓN - BARRIO 25 DE AGOSTO;7365;A
27375420;432;G6;3;883;TERMINAL COLÓN - BARRIO 25 DE AGOSTO;7366;B
27376450;448;329;4;884;PTA CARRETAS - - FAUQUET POR SAINT  BOIS;7367;A
27376451;448;329;4;884;PTA CARRETAS - - FAUQUET POR SAINT  BOIS;7368;B
29696184;454;M-B;1;891;PZA INDEPENDENCIA - MUSEO DE LA MEMORIA;7376;A
31262104;15;505;6;892;JOSE B. ORDOÑEZ - ANDALUZ;7430;B
33037055;160;L15;4;893;T. DEL CERRO - LA COLORADA (CIRCULAR);7448;A
33037056;160;L15;4;893;T. DEL CERRO - LA COLORADA (CIRCULAR);7449;B
33037057;50;133;14;894;CIUDAD VIEJA - LA COLORADA (CIRCULAR);7450;A
33037058;50;133;14;894;CIUDAD VIEJA - LA COLORADA (CIRCULAR);7451;B
36669572;480;76;1;906;PUNTA CARRETAS - PLAYA CERRO;7512;B
36669573;480;76;1;906;PUNTA CARRETAS - PLAYA CERRO;7513;A
36669589;485;2;2;915;PORTONES - SAINT BOIS;7589;B
36669590;485;2;2;915;PORTONES - SAINT BOIS;7590;A
36669591;485;2;3;916;PORTONES - TERMINAL COLON;7591;B
36669592;485;2;4;917;PORTONES _ FAUQUET POR SAINT  BOIS;7592;A
36669593;485;2;4;917;PORTONES _ FAUQUET POR SAINT  BOIS;7593;B
37600852;85;181;3;918;POCITOS - PASO MOLINO;7602;A
37600853;85;181;3;918;POCITOS - PASO MOLINO;7603;B
43592765;57;141;4;927;PZA. ESPAÑA - 8 DE OCTUBRE (CIRCUITO);7685;B
43592766;57;141;4;927;PZA. ESPAÑA - 8 DE OCTUBRE (CIRCUITO);7684;A
44149814;35;113;3;933;PLAZA INDEPENDENCIA - MALVIN;7705;A
44149815;35;113;3;933;PLAZA INDEPENDENCIA - MALVIN;7706;B
44836072;445;148;15;938;CIUDAD VIEJA - AVIACIÓN;7716;B
44836079;448;329;5;944;PUNTA CARRETAS - - MELILLA;7725;A
44836080;448;329;5;944;PUNTA CARRETAS - - MELILLA;7726;B
44844282;106;D8;3;704;PLAZA INDEPENDENCIA - CAMINO MALDONADO;7736;B
44923216;445;148;15;938;CIUDAD VIEJA - AVIACIÓN;7805;A
44928213;445;148;17;946;CIUDAD VIEJA - FAUQUET;7808;B
45005385;448;329;8;948;PUNTA CARRETAS - - TERMINAL COLON;7813;B
45009392;448;329;8;948;PUNTA CARRETAS - - TERMINAL COLON;7814;A
45088320;445;148;19;950;CIUDAD VIEJA - TERMINAL COLON;7829;A
45088321;445;148;19;950;CIUDAD VIEJA - TERMINAL COLON;7830;B
45592741;40;121;6;952;PTA. CARRETAS - C. VIEJA /POR COLONIA;7883;A
45592742;40;121;6;952;PTA. CARRETAS - C. VIEJA /POR COLONIA;7884;B
45594403;56;140;5;953;CIUDADELA - PORTONES(COLONIA - MERCEDES);7886;A
45596064;59;142;11;959;PLAZA ESPANA - PUNTA GORDA;7898;A
45596065;59;142;12;960;PLAZA ESPANA - RBLA COSTANERA;7899;A
45597731;35;113;4;961;TRES CRUCES - MALVIN;7902;A
45597732;35;113;4;961;TRES CRUCES - MALVIN;7903;B
45604542;34;112;5;966;TRES CRUCES - PUNTA GORDA;7920;A
45604543;34;112;5;966;TRES CRUCES - PUNTA GORDA;7921;B
46445573;163;L19;4;976;PAJAS BLANCAS-PSO DE LA ARENA (ESC AGR);7987;A
46445574;163;L19;4;976;PAJAS BLANCAS-PSO DE LA ARENA (ESC AGR);7988;B
46683597;403;L28;2;980;PASO MOLINO - NUEVO PARIS;8003;B
46683598;403;L28;2;980;PASO MOLINO - NUEVO PARIS;8004;A
46716153;34;112;6;981;INTERCAMBIADOR BELLONI - PUNTA GORDA;8008;A
46716154;34;112;6;981;INTERCAMBIADOR BELLONI - PUNTA GORDA;8009;B
47186321;110;L2;2;983;CAMINO MALDONADO KM 16 - AV GRAL FLORES;8046;A
47186322;110;L2;2;983;CAMINO MALDONADO KM 16 - AV GRAL FLORES;8047;B
47190884;56;140;9;986;PORTONES - CIUDADELA;8050;B
47312522;40;121;7;988;PZA INDEPENDENCIA / POCITOS-PUNTA CARRET;8075;A
47312523;40;121;7;988;PZA INDEPENDENCIA / POCITOS-PUNTA CARRET;8076;B
47324391;33;111;6;991;TRES CRUCES -- MALVIN;8079;B
47324392;94;195;10;992;T. CERRO -- CRIO. BUCEO  (2-11);8087;B
47324393;94;195;11;993;BUCEO -- PLAYA CERRO (DIQUE);8088;B
47326347;1;402;2;995;CIUDAD VIEJA --MALVIN;8100;B
47554733;482;79;4;998;INTER. BELLONI - CIUDADELA CIRCUITO;8120;A
47554734;482;79;4;998;INTER. BELLONI - CIUDADELA CIRCUITO;8121;B
47554766;27;103;15;1000;PLAZA ESPANA - BARRIO EL MONARCA;8128;A
47758201;130;316;4;1002;FACULTAD DE VETERINARIA - POCITOS;8195;A
47758202;130;316;4;1002;FACULTAD DE VETERINARIA - POCITOS;8196;B
47770514;19;538;6;1003;PLAZA ESPAÑA - BUCEO;8199;A
47770515;19;538;6;1003;PLAZA ESPAÑA - BUCEO;8200;B
47770516;19;538;7;1004;PLAZA ESPAÑA - CEMENTERIO BUCEO;8201;A
47770517;19;538;7;1004;PLAZA ESPAÑA - CEMENTERIO BUCEO;8202;B
47779188;27;103;16;1005;PLAZA ESPANA - ESC. DE ARMAS Y SERV.;8205;A
47779189;27;103;16;1005;PLAZA ESPANA - ESC. DE ARMAS Y SERV.;8206;B
47779190;27;103;17;1006;PLAZA INDEPENDENCIA - PUNTA  DE RIELES;8207;A
47779191;27;103;17;1006;PLAZA INDEPENDENCIA - PUNTA  DE RIELES;8208;B
47797413;453;M-A;3;1007;PZA INDEPENDEN - MUSEO DEL FUTBOL (LOOP);8211;A
47797512;453;M-A;4;1008;PZA IDEPENDENCIA - MUSEO NAVAL (LOOP);8213;A
47810690;8;456;4;1010;INSTRUCCIONES - PCIO D LA LUZ (CIRCUITO);8219;A
47810691;8;456;4;1010;INSTRUCCIONES - PCIO D LA LUZ (CIRCUITO);8220;B
47858899;495;CARNAVAL;1;1011;TRES CRUCES - TEATRO DE VERANO;8222;A
47858900;495;CARNAVAL;1;1011;TRES CRUCES - TEATRO DE VERANO;8223;B
48110114;436;G3;2;1020;CONCILIACION - TERMINAL COLON;8266;A
48110115;436;G3;2;1020;CONCILIACION - TERMINAL COLON;8267;B
48110116;437;G8;3;1021;TERMINAL COLON - HIPODROMO LAS PIEDRAS;8268;A
48110117;437;G8;3;1021;TERMINAL COLON - HIPODROMO LAS PIEDRAS;8269;B
48110118;437;G8;4;1022;T COLON - HIPODROM LAS PIEDRAS (ESCUELA);8270;A
48110119;437;G8;4;1022;T COLON - HIPODROM LAS PIEDRAS (ESCUELA);8271;B
48110122;448;329;9;1025;P CARRETAS - MELILLA (PQUE AMBIENTALIST);8274;A
48110123;448;329;9;1025;P CARRETAS - MELILLA (PQUE AMBIENTALIST);8275;B
48110124;448;329;10;1026;P CARRETAS - S BOIS (PQUE AMBIENTALISTA);8276;A
48110125;448;329;10;1026;P CARRETAS - S BOIS (PQUE AMBIENTALISTA);8277;B
48275027;499;E14;1;1028;POCITOS - CIUDAD VIEJA;8312;A
48275028;501;DE1;1;1030;CARRASCO - CIUDAD VIEJA;8313;A
48275029;499;E14;1;1028;POCITOS - CIUDAD VIEJA;8314;B
48275030;500;CE1;1;1029;TRES CRUCES - CIUDAD VIEJA;8315;A
48275031;500;CE1;1;1029;TRES CRUCES - CIUDAD VIEJA;8316;B
48275032;501;DE1;1;1030;CARRASCO - CIUDAD VIEJA;8317;B
48278262;501;DE1;2;1031;CARRASCO - PLAZA INDEPENDENCIA;8320;A
48278263;501;DE1;2;1031;CARRASCO - PLAZA INDEPENDENCIA;8321;B
48278265;499;E14;2;1032;POCITOS  - PLAZA INDEPENDENCIA;8323;A
48278266;499;E14;2;1032;POCITOS  - PLAZA INDEPENDENCIA;8324;B
48278267;500;CE1;2;1033;TRES CRUCES - PLAZA INDEPENDENCIA;8325;A
48278268;500;CE1;2;1033;TRES CRUCES - PLAZA INDEPENDENCIA;8326;B
48556688;128;300;5;1052;INSTRUCCIONES - - CEMENTERIO CENTRAL;8385;B
48556689;128;300;6;1053;CRIO CENTRAL - - INSTRUCCIONES (PLANTA);8386;B
48556690;479;71;2;1054;MENDOZA - - POCITOS;8387;B
48556691;86;182;4;1055;PQUE RODO - - PASO MOLINO;8388;B
48556692;87;183;4;1056;POCITOS - - PASO MOLINO;8389;B
48556693;87;183;5;1057;POCITOS - - PASO MOLINO (PLANTA AÑON);8390;B
48674863;33;111;7;1059;PLAZA ESPAÑA - MALVIN;8394;A
48674864;33;111;7;1059;PLAZA ESPAÑA - MALVIN;8395;B
48696983;479;71;2;1054;MENDOZA - - POCITOS;8397;A
48696984;128;300;5;1052;INSTRUCCIONES - - CEMENTERIO CENTRAL;8398;A
48696985;128;300;6;1053;CRIO CENTRAL - - INSTRUCCIONES (PLANTA);8399;A
48696986;86;182;4;1055;PQUE RODO - - PASO MOLINO;8400;A
48696987;87;183;4;1056;POCITOS - - PASO MOLINO;8401;A
48696989;443;145;3;1060;PLAZA ESPAÑA - - COMPLEJO AMERICA;8403;A
48696990;443;145;3;1060;PLAZA ESPAÑA - - COMPLEJO AMERICA;8404;B
48820806;55;137;7;1061;PLAZA ESPAÑA - UAM (TC);8493;A
48820807;55;137;7;1061;PLAZA ESPAÑA - UAM (TC);8494;B
48820808;7;427;3;1062;PORTONES - LOS BULEVARES (UAM);8495;A
48820809;7;427;3;1062;PORTONES - LOS BULEVARES (UAM);8496;B
48820814;443;145;4;1066;PZA ESPAÑA - UAM (NOC.);8501;B
49128964;7;427;4;1069;FAC. DE CIENCIAS - LOS BULEVARES (UAM);8532;A
49128965;7;427;4;1069;FAC. DE CIENCIAS - LOS BULEVARES (UAM);8533;B
49216471;131;328;2;1076;MENDOZA - PUNTA CARRETAS (PLAN ABC);8549;A
49216472;131;328;2;1076;MENDOZA - PUNTA CARRETAS (PLAN ABC);8550;B
49221623;443;145;4;1066;PZA ESPAÑA - UAM (NOC.);8584;A
49223438;452;L3;3;1080;PASO MOLINO TERMINAL COLON (PLAN ABC);8587;A
49223439;452;L3;3;1080;PASO MOLINO TERMINAL COLON (PLAN ABC);8588;B
49223443;503;L25;1;1081;NUEVOS RUMBOS - BELLONI;8589;A
49223444;503;L25;1;1081;NUEVOS RUMBOS - BELLONI;8590;B
49230484;118;L6;2;1083;TERMINAL CERRO --PASO DE LA ARENA (ABC);8593;A
49230485;118;L6;2;1083;TERMINAL CERRO --PASO DE LA ARENA (ABC);8594;B
49233996;21;582;2;1087;PEÑAROL - PUNTA CARRETAS ABC;8603;A
49233997;21;582;2;1087;PEÑAROL - PUNTA CARRETAS ABC;8604;B
49327886;448;329;17;1088;PTA CARRETAS - FAUQUET - (PQUE AMBIENTALISTA);8615;A
49327887;448;329;17;1088;PTA CARRETAS - FAUQUET - (PQUE AMBIENTALISTA);8616;B
49498194;43;125;4;1090;DIQUE NACIONAL - PASO MOLINO;8646;A
49499898;43;125;5;1091;PLAYA DEL CERRO - PASO MOLINO;8648;A
49499899;45;127;9;1092;DELTA DEL TIGRE - PASO MOLINO;8649;A
49499900;45;127;10;1093;DELTA DEL TIGRE - PASO MOLINO (PENAL);8650;A
49499901;45;127;11;1094;RUTA 1 KM 26 - PASO MOLINO;8651;A
49499902;45;127;12;1095;RUTA 1 KM 26 - PASO MOLINO (PENAL);8652;A
49499903;46;128;5;1097;PASO DE LA ARENA - PASO MOLINO;8653;A
49499904;46;128;6;1098;UAM- PASO MOLINO;8654;A
49499905;50;133;16;1099;LA COLORADA - PASO MOLINO;8655;A
49499907;50;133;18;1101;PAJAS BLANCAS - PASO MOLINO;8657;A
49499908;50;133;19;1102;SANGUINETTI - PASO MOLINO;8658;A
49499909;53;135;2;1103;PUNTA ESPINILLO - PASO MOLINO;8659;A
49499910;55;137;9;1104;PASO DE LA ARENA - PASO MOLINO;8660;A
49499911;55;137;10;1105;UAM - PASO MOLINO;8661;A
49595574;32;110;7;1106;PLAZA ESPAÑA  - MANGA (ESPADAÑA);8673;A
49595575;32;110;7;1106;PLAZA ESPAÑA  - MANGA (ESPADAÑA);8674;B
49595578;78;169;6;1108;CIUDAD VIEJA - MANGA;8677;A
49595579;78;169;6;1108;CIUDAD VIEJA - MANGA;8678;B
49595582;93;192;2;1110;PARQUE RODO - MANGA(ESPADAÑA);8681;A
49595583;93;192;2;1110;PARQUE RODO - MANGA(ESPADAÑA);8682;B
49613283;111;L20;3;1112;PORTONES - SERVANDO GÓMEZ;8705;A
49613284;111;L20;3;1112;PORTONES - SERVANDO GÓMEZ;8706;B
49621739;447;174;10;1113;PUNTA CARRETAS  - - - AVIACION;8707;A
49621740;447;174;10;1113;PUNTA CARRETAS  - - - AVIACION;8708;B
49621741;447;174;11;1114;PUNTA CARRETAS - - - AVIACION (S BOIS);8709;A
49621742;447;174;11;1114;PUNTA CARRETAS - - - AVIACION (S BOIS);8710;B
50291279;505;L38;1;1115;TRES OMBUES - TERMINAL DEL CERRO;8765;A
50291280;505;L38;1;1115;TRES OMBUES - TERMINAL DEL CERRO;8766;B
50292955;506;L32;1;1116;LA ALJABA - TRANSATLANTICO (POR BERGES);8767;A
50292956;506;L32;1;1116;LA ALJABA - TRANSATLANTICO (POR BERGES);8768;B
50292957;507;L33;1;1117;LA ALJABA TRANSATLANTICO (POR ANTARES);8769;A
50292958;507;L33;1;1117;LA ALJABA TRANSATLANTICO (POR ANTARES);8770;B
50294615;17;524;3;1118;PLAZA ESPAÑA - TRES OMBUES;8771;A
50294616;17;524;3;1118;PLAZA ESPAÑA - TRES OMBUES;8772;B
50341398;489;L31;2;1120;INSTRUCCIONES Y MENDOZA - BELLONI;8777;A
50341400;508;L39;1;1119;PASO DE LA ARENA - PAURU;8775;A
50341401;508;L39;1;1119;PASO DE LA ARENA - PAURU;8776;B
50344760;489;L31;2;1120;INSTRUCCIONES Y MENDOZA - BELLONI;8779;B
50349571;138;L41;3;1121;INTERCAMBIADOR  BELLONI - VISTA LINDA;8780;A
50349572;138;L41;3;1121;INTERCAMBIADOR  BELLONI - VISTA LINDA;8781;B
50349573;3;405;3;1122;PARQUE RODO - CASAVALLE;8782;A
50349574;3;405;3;1122;PARQUE RODO - CASAVALLE;8783;B
50352915;504;124 SD;2;1123;CIUDAD VIEJA - - STA CATALINA;8784;A
50352916;504;124 SD;2;1123;CIUDAD VIEJA - - STA CATALINA;8785;B
50354679;13;L7;6;1124;TERM CERRO SAINT BOIS P/COTRAVI;8787;A
50354680;13;L7;6;1124;TERM CERRO SAINT BOIS P/COTRAVI;8788;B
50354681;13;L7;7;1125;TERMINAL CERRO - SAINT BOIS;8789;A
50354682;13;L7;7;1125;TERMINAL CERRO - SAINT BOIS;8790;B
50468300;497;G;2;1128;LA PAZ- - PORTONES;8802;A
50468301;497;G;2;1128;LA PAZ- - PORTONES;8803;B
50468302;496;130;4;1129;CIUDAD VIEJA - - LA PAZ;8804;A
50468303;496;130;4;1129;CIUDAD VIEJA - - LA PAZ;8805;B
51391180;27;103;18;1164;PLAZA ESPAÑA LOS AROMOS (POR BR ARTIGAS);8862;B
52117253;510;TC;1;1169;TURISMO CRIOLLA PRADO - POCITOS -PRADO;8878;A
52313284;7;427;5;91;BUCEO - LOS BULEVARES (UAM);68;B
52316420;497;G;3;114;BUCEO - LA PAZ;69;B
52317980;485;2;5;200;BUCEO - SAINT BOIS;72;B
52317982;485;2;6;208;BUCEO - TERMINAL COLON;74;B
52444318;29;105;4;860;PLAZA ESPAÑA - PARQUE ROOSEVELT;1786;A
52444319;29;105;4;860;PLAZA ESPAÑA - PARQUE ROOSEVELT;1801;B
52491042;478;21;6;71;PLAZA INDEPENDENCIA-PORTONES (LICEO);1802;B
52491043;134;370;2;75;PORTONES - DIQUE NACIONAL (LICEO);1805;A
52704930;494;L46;2;237;INTERC. BELLONI -- INTERCC. BELLONI;1807;A
52704931;494;L46;2;237;INTERC. BELLONI -- INTERCC. BELLONI;1818;B
52704932;493;L36;3;210;INTERCAMBIADOR BELLONI -- RAFAEL;1819;A
52704933;493;L36;3;210;INTERCAMBIADOR BELLONI -- RAFAEL;1820;B
53793352;441;L29;9;250;PASO MOLINO--COMPLEJO AMERICA_(FERIA);1911;A
53793353;441;L29;9;250;PASO MOLINO--COMPLEJO AMERICA_(FERIA);1917;B
53793354;441;L29;10;251;PASO MOLINO -- LA CARBONERA_(FERIA);1918;A
53793355;441;L29;10;251;PASO MOLINO -- LA CARBONERA_(FERIA);1941;B
53793356;441;L29;11;252;PASO MOLINO --  COMPLEJO AMERICA;1942;A
53793357;441;L29;11;252;PASO MOLINO --  COMPLEJO AMERICA;1944;B
53793358;441;L29;12;253;PASO MOLINO -- LA CARBONERA;1945;A
53793359;441;L29;12;253;PASO MOLINO -- LA CARBONERA;1947;B
54915344;58;L9;1;271;INTERC. BELLONI - VILLA FARRE;1958;A
54915345;58;L9;1;271;INTERC. BELLONI - VILLA FARRE;1966;B
62067966;26;102;7;275;PLAZA INDEPENDENCIA - GRUTA DE LOURDES;3666;A
62067967;26;102;7;275;PLAZA INDEPENDENCIA - GRUTA DE LOURDES;3667;B
62067968;26;102;8;277;PLAZA ESPAÑA - GRUTA DE LOURDES.;3668;A
62067969;26;102;8;277;PLAZA ESPAÑA - GRUTA DE LOURDES.;3669;B
62143015;70;155;5;293;CRIO DEL NORTE - PUNTA RIELES (NUEVO ESPAÑA);3672;A
62143016;70;155;5;293;CRIO DEL NORTE - PUNTA RIELES (NUEVO ESPAÑA);3673;B
62143077;505;L38;2;299;TRES OMBÚES - PLAYA DEL CERRO;3691;A
62143078;505;L38;2;299;TRES OMBÚES - PLAYA DEL CERRO;3692;B
63056064;59;142;12;960;PLAZA ESPANA - RBLA COSTANERA;3700;B
63056065;59;142;11;959;PLAZA ESPANA - PUNTA GORDA;3701;B
64562339;16;522;3;346;TEATRO DE VERANO - SAYAGO;3722;B
64562341;46;128;7;348;TEATRO DE VERANO - PASO DE LA ARENA;3724;B
64562342;27;103;19;349;TEATRO DE VERANO - LOS AROMOS;3725;B
64562343;93;192;3;701;TEATRO DE VERANO - MANGA;3726;B
64562345;443;145;5;754;TEATRO DE VERANO - COMPLEJO AMÉRICA;3728;B
64562346;447;174;12;755;TEATRO DE VERANO - AVIACIÓN MELILLA;3729;B
64562348;3;405;4;779;TEATRO DE VERANO - PEÑAROL;3731;B
64562349;128;300;7;859;TEATRO DE VERANO - INSTRUCCIONES;3732;B
64562350;497;G;4;861;TEATRO DE VERANO - LA PAZ;3733;B
64637299;39;117;5;735;TEATRO DE VERANO - PLAZA INDEPENDENCIA;3734;A
64714985;480;76;2;862;TEATRO DE VERANO - PLAYA DEL CERRO;3735;B
67486213;84;180;5;865;PLAZA INDEPENDENCIA-PZA. GERARDO CUESTA;3758;A
67486214;84;180;5;865;PLAZA INDEPENDENCIA-PZA. GERARDO CUESTA;3759;B
68945441;477;17;4;868;PUNTA CARRETAS -- CASABO;3783;A
68945442;477;17;4;868;PUNTA CARRETAS -- CASABO;3784;B
68945444;477;17;5;869;PUNTA CARRETAS--CASABO (TC);3786;B
68945445;165;L26;4;872;TERMINAL CERRO---CASABO;3787;A
68945446;165;L26;4;872;TERMINAL CERRO---CASABO;3788;B
68945447;165;L26;3;871;CASABO---BELVEDERE;3789;A
68945448;165;L26;3;871;CASABO---BELVEDERE;3790;B
68945449;129;306;10;870;CASABO--PUENTE CARRASCO;3791;A
68945450;129;306;10;870;CASABO--PUENTE CARRASCO;3792;B
68945452;88;185;7;873;POCITOS - CASABO (TC);3794;B
68945453;88;185;8;874;POCITOS-CASABO;3795;A
68945454;88;185;8;874;POCITOS-CASABO;3796;B
68945499;129;306;11;875;PARQUE ROOSEVELT-- CASABÓ POR (TC);3797;B
68945501;129;306;12;877;CASABÓ--PUENTE CARRASCO POR (TC);3799;B
68945502;129;306;13;887;CASABÓ--PARQUE ROOSEVELT (POR PLANTA);3800;A
68945503;129;306;13;887;CASABÓ--PARQUE ROOSEVELT (POR PLANTA);3801;B
68945504;129;306;14;888;PARQUE ROOSEVELT--CASABÓ;3802;A
68945505;129;306;14;888;PARQUE ROOSEVELT--CASABÓ;3803;B
69020436;88;185;9;889;TEATRO DE VERANO - CASABO BAJO VALENCIA;3804;B
69170376;477;17;6;925;TEATRO DE VERANO -- CASABÓ (TC);3839;B
73586354;480;76;3;939;PUNTA CARRETAS - PYA CERRO DIQUE (LICEO 11);3917;B
73586355;94;195;13;985;BUCEO - PLAYA CERRO DIQUE (LICEO 11);3918;B
74199572;106;D8;4;1096;CIUDAD VIEJA - CNO. MALDONADO;3920;B
74199575;22;D11;2;1134;CIUDAD VIEJA - - GEANT;3923;A
74199576;22;D11;2;1134;CIUDAD VIEJA - - GEANT;3924;B
74199577;73;158;15;1135;CIUDAD VIEJA - MENDOZA;3925;A
74199578;73;158;15;1135;CIUDAD VIEJA - MENDOZA;3926;B
74199579;73;158;16;1136;CIUDAD VIEJA - GRUTA DE LOURDES;3927;A
74199580;73;158;16;1136;CIUDAD VIEJA - GRUTA DE LOURDES;3928;B
74199603;106;D8;4;1096;CIUDAD VIEJA - CNO. MALDONADO;3931;A
74274559;450;D5;4;1138;LA PAZ --- CIUDAD VIEJA;3936;A
74274560;450;D5;4;1138;LA PAZ --- CIUDAD VIEJA;3937;B
74647582;158;L16;3;1141;PASO DE LA ARENA -- PAJAS BLANCAS;3951;A
74647583;158;L16;3;1141;PASO DE LA ARENA -- PAJAS BLANCAS;3952;B
75177852;50;133;20;1142;ADUANA - LA COLORADA;3970;B
75177853;50;133;20;1142;ADUANA - LA COLORADA;3971;A
75177854;45;127;13;1143;ADUANA - DELTA DEL TIGRE (NOC.);3972;A
75177855;45;127;13;1143;ADUANA - DELTA DEL TIGRE (NOC.);3973;B
75177856;45;127;14;1144;ADUANA - DELTA DEL TIGRE(POR PENAL);3974;A
75177857;45;127;14;1144;ADUANA - DELTA DEL TIGRE(POR PENAL);3975;B
75177858;445;148;25;1145;ADUANA - AVIACION(PQUE AMBIENTALISTA);3976;A
75177859;445;148;25;1145;ADUANA - AVIACION(PQUE AMBIENTALISTA);3977;B
75177860;55;137;11;1146;ADUANA - PASO DE LA ARENA (NOC);3978;A
75177861;55;137;11;1146;ADUANA - PASO DE LA ARENA (NOC);3979;B
75177871;445;148;26;1147;ADUANA - FAUQUET(PQUE AMBIENTALISTA);3980;A
75177872;445;148;26;1147;ADUANA - FAUQUET(PQUE AMBIENTALISTA);3981;B
75177873;45;127;15;1148;ADUANA - RUTA 1 KM 26;3982;A
75177874;45;127;15;1148;ADUANA - RUTA 1 KM 26;3983;B
75177881;45;127;16;1149;ADUANA - RUTA 1 KM 26(POR PENAL);3984;A
75177884;45;127;16;1149;ADUANA - RUTA 1 KM 26(POR PENAL);3985;B
75177885;71;156;3;1150;ADUANA - HIPODROMO (NOC);3986;A
75177886;71;156;3;1150;ADUANA - HIPODROMO (NOC);3987;B
75177900;50;133;21;1151;ADUANA - PAJAS BLANCAS;3988;A
75177901;50;133;21;1151;ADUANA - PAJAS BLANCAS;3989;B
75177902;73;158;19;1153;ADUANA - GRUTA DE LOURDES;3990;A
75177903;73;158;19;1153;ADUANA - GRUTA DE LOURDES;3991;B
75177913;55;137;12;1154;ADUANA - PASO DE LA ARENA(TC);3992;B
75177914;50;133;22;1152;ADUANA - SANGUINETTI;3993;A
75177915;50;133;22;1152;ADUANA - SANGUINETTI;3994;B
75177916;73;158;20;1155;ADUANA - MENDOZA;3995;A
75177917;73;158;20;1155;ADUANA - MENDOZA;3996;B
75177918;50;133;23;1156;ADUANA - PAJAS BLANCAS(ESPECIAL);3997;B
75385217;50;133;24;1157;ADUANA - LA COLORADA(CIRCUALR);3999;A
75385218;50;133;24;1157;ADUANA - LA COLORADA(CIRCUALR);4000;B
75385219;78;169;8;1158;ADUANA - TOLEDO CHICO;4001;A
75385220;78;169;8;1158;ADUANA - TOLEDO CHICO;4002;B
75385221;78;169;9;1159;ADUANA - MANGA;4003;A
75385222;78;169;9;1159;ADUANA - MANGA;4004;B
75385223;15;505;7;1160;ANDALUZ - ADUANA;4005;A
75385224;15;505;7;1160;ANDALUZ - ADUANA;4006;B
75699045;55;137;13;1161;ADUANA - UAM(TC);4026;A
75699046;55;137;13;1161;ADUANA - UAM(TC);4027;B
75699047;57;141;5;1165;ADUANA - 8 DE OCTUBRE (NOC);4028;A
75699048;57;141;5;1165;ADUANA - 8 DE OCTUBRE (NOC);4029;B
75699056;444;147;5;1166;ADUANA - COMPLEJO AMÉRICA;4030;A
75699057;444;147;5;1166;ADUANA - COMPLEJO AMÉRICA;4031;B
75699071;445;148;27;1168;ADUANA - TERMINAL COLÓN;4032;A
75699072;445;148;27;1168;ADUANA - TERMINAL COLÓN;4033;B
75774132;445;148;28;1172;ADUANA - AVIACIÓN;4044;A
75774133;445;148;28;1172;ADUANA - AVIACIÓN;4045;B
75774134;445;148;29;1173;ADUANA - FAUQUET MELILLA;4046;A
75857556;26;102;10;1174;ADUANA - GRUTA DE LOURDES (NOC);4053;A
75857557;26;102;10;1174;ADUANA - GRUTA DE LOURDES (NOC);4054;B
75857558;27;103;20;1175;ADUANA - LOS AROMOS(NOC);4065;B
75857559;27;103;20;1175;ADUANA - LOS AROMOS(NOC);4066;A
75857560;28;104;6;1176;ADUANA - PQUE ROOSEVELT (NOC);4067;B
75857561;28;104;6;1176;ADUANA - PQUE ROOSEVELT (NOC);4068;A
75857562;28;104;7;1177;ADUANA - RBLA COSTANERA (NOC);4069;B
75857563;28;104;7;1177;ADUANA - RBLA COSTANERA (NOC);4070;A
75857564;29;105;5;1178;ADUANA - PQUE ROOSEVELT;4071;B
75857565;29;105;5;1178;ADUANA - PQUE ROOSEVELT;4072;A
75857566;30;106;9;1179;ADUANA - HIPODROMO;4073;A
75857567;30;106;9;1179;ADUANA - HIPODROMO;4074;B
75857570;34;112;7;1181;ADUANA -PUNTA GORDA (NOC);4081;A
75857571;34;112;7;1181;ADUANA -PUNTA GORDA (NOC);4083;B
75932708;445;148;29;1173;ADUANA - FAUQUET MELILLA;4114;B
76231261;8;456;6;1183;CIUDAD VIEJA - INSTRUCC Y MENDOZA;4198;A
76231262;8;456;6;1183;CIUDAD VIEJA - INSTRUCC Y MENDOZA;4199;B
76231263;17;524;5;1184;C VIEJA --- TRES OMBUES;4206;A
76231264;17;524;5;1184;C VIEJA --- TRES OMBUES;4207;B
76231280;31;109;6;1185;PZA INDEPENDENCIA --- PSO CARRASCO;4208;A
76231281;31;109;6;1185;PZA INDEPENDENCIA --- PSO CARRASCO;4209;B
76829965;31;109;7;1186;PLAZA ESPAÑA - PASO CARRASCO;4230;A
76829966;31;109;7;1186;PLAZA ESPAÑA - PASO CARRASCO;4231;B
78337544;5;409;3;1188;PLAZA ESPAÑA - UAM;4241;A
78337545;5;409;3;1188;PLAZA ESPAÑA - UAM;4242;B
79750394;34;112;8;1189;PORTONES - LUIS ALBERTO DE HERRERA (PTA GORDA);4252;A
79750395;34;112;8;1189;PORTONES - LUIS ALBERTO DE HERRERA (PTA GORDA);4253;B
81494289;13;L7;8;1190;TERMINAL CERRO - SAINT BOIS (POR ESC);4258;B
81494290;13;L7;8;1190;TERMINAL CERRO - SAINT BOIS (POR ESC);4259;A
82403014;46;128;8;1194;POCITOS --- P. DE LA ARENA;4260;B
82403015;46;128;8;1194;POCITOS --- P. DE LA ARENA;4261;A
82403016;46;128;9;1195;POCITOS --- C.M.RAMIEZ;4262;B
82403017;46;128;9;1195;POCITOS --- C.M.RAMIEZ;4263;A
82403018;46;128;10;1196;POCITOS --- UAM;4264;A
82403019;46;128;10;1196;POCITOS --- UAM;4265;B
82403020;88;185;13;1197;POCITOS - FRIG NACIONAL;4266;A
82403021;88;185;13;1197;POCITOS - FRIG NACIONAL;4267;B
82403034;67;149;6;1199;POCITOS --- GTA DE LOURDES;4271;A
82403035;67;149;6;1199;POCITOS --- GTA DE LOURDES;4272;B
82627813;99;62;9;2201;PLAZA ESPAÑA -- POCITOS;4299;A
82627814;99;62;9;2201;PLAZA ESPAÑA -- POCITOS;4300;B
82627815;99;62;10;2202;CIUDAD VIEJA -- POCITOS;4301;B
82627816;99;62;10;2202;CIUDAD VIEJA -- POCITOS;4302;A
82627817;99;62;11;2203;PZA INDEPENDENCIA - POCITOS;4303;A
82627818;99;62;11;2203;PZA INDEPENDENCIA - POCITOS;4304;B
82627821;67;149;8;2205;POCITOS --- MANGA (CASAVALLE);4307;A
82627822;67;149;8;2205;POCITOS --- MANGA (CASAVALLE);4308;B
82627823;76;163;5;2206;POCITOS --- PASO DE LA ARENA;4309;A
82627824;76;163;5;2206;POCITOS --- PASO DE LA ARENA;4310;B
82627825;89;186;4;2207;POCITOS - SANTA CATALINA;4318;A
82627826;89;186;4;2207;POCITOS - SANTA CATALINA;4319;B
82627846;67;149;9;2208;POCITOS -- INSTR Y MENDOZA;4341;A
82627847;67;149;9;2208;POCITOS -- INSTR Y MENDOZA;4342;B
83003226;134;370;4;2210;PORTONES -- DIQUE NACIONAL;4383;A
83003227;134;370;4;2210;PORTONES -- DIQUE NACIONAL;4384;B
83079791;134;370;5;2212;PORTONES -- PLAYA DEL CERRO DIQUE (LICEO 11);4411;B
83079795;37;115;6;2213;VISTA LINDA --- TRES CRUCES;4412;A
83079796;37;115;6;2213;VISTA LINDA --- TRES CRUCES;4413;B
83079798;10;494;9;2214;BUCEO -- DELTA DEL TIGRE;4414;B
83079799;10;494;9;2214;BUCEO -- DELTA DEL TIGRE;4415;A
83079812;478;21;7;2215;PLAZA INDEPENDENCIA  -- PORTONES (FAC. CIENCIAS);4418;A
83079813;478;21;7;2215;PLAZA INDEPENDENCIA  -- PORTONES (FAC. CIENCIAS);4419;B
83079814;478;21;8;2216;PLAZA INDEPEN -- P. ROOSEVELT (FAC. CIENCIAS);4420;A
83079815;478;21;8;2216;PLAZA INDEPEN -- P. ROOSEVELT (FAC. CIENCIAS);4421;B
83079816;478;21;9;2217;CIUDAD VIEJA -- PORTONES(FAC. CIENCIAS);4422;A
83079817;478;21;9;2217;CIUDAD VIEJA -- PORTONES(FAC. CIENCIAS);4423;B
83079818;478;21;10;2218;C. VIEJA -- PARQUE ROOSEVELT;4424;A
83079819;478;21;10;2218;C. VIEJA -- PARQUE ROOSEVELT;4425;B
83079820;478;21;11;2219;PLAZA INDEPENDENCIA  -- PARQUE ROOSEVELT;4426;A
83079821;478;21;11;2219;PLAZA INDEPENDENCIA  -- PARQUE ROOSEVELT;4427;B
83154775;10;494;10;2220;BUCEO -- RUTA 1 KM26;4457;A
83154776;10;494;10;2220;BUCEO -- RUTA 1 KM26;4458;B
83154782;10;494;11;2221;BUCEO -- DELTA DEL TIGRE (POR COMCAR);4466;B
83154783;10;494;11;2221;BUCEO -- DELTA DEL TIGRE (POR COMCAR);4468;A
83154785;90;187;5;2222;CIUDAD VIEJA -- PCIO. DE LA LUZ;4473;B
83154786;90;187;5;2222;CIUDAD VIEJA -- PCIO. DE LA LUZ;4474;A
83154787;90;187;6;2223;PZA INDEPENDENCIA -- PCIO. DE LA LUZ;4476;B
83154788;90;187;6;2223;PZA INDEPENDENCIA -- PCIO. DE LA LUZ;4477;A
83154791;133;330;4;2225;INSTRUCCIONES -- CIUDADELA (CIRC.);4480;A
83154792;133;330;4;2225;INSTRUCCIONES -- CIUDADELA (CIRC.);4481;B
83154801;446;151;3;2226;PORTONES -- VERDISOL;4490;A
83154802;446;151;3;2226;PORTONES -- VERDISOL;4492;B
83154803;446;151;4;2227;PORTONES -- COMPLEJO AMERICA;4493;A
83154804;446;151;4;2227;PORTONES -- COMPLEJO AMERICA;4494;B
83154822;10;494;12;2228;CEMENTERIO -- RUTA 1 KM 26 (POR COMCAR);4498;B
83154823;10;494;12;2228;CEMENTERIO -- RUTA 1 KM 26 (POR COMCAR);4499;A
83154864;10;494;13;2229;BUCEO -- UAM -- BARRA STA LUCIA;4507;B
83154869;11;495;2;2230;BUCEO -- PAJAS BLANCAS (4:30-9:00);4512;B
83154870;11;495;2;2230;BUCEO -- PAJAS BLANCAS (4:30-9:00);4513;A
83154968;100;64;10;2231;PLAZA INDEPENDENCIA -- PORTONES;4530;A
83154969;100;64;10;2231;PLAZA INDEPENDENCIA -- PORTONES;4531;B
83154971;100;64;11;2232;PORTONES -- TRES CRUCES;4540;A
83154972;100;64;11;2232;PORTONES -- TRES CRUCES;4541;B
83229971;483;D10;3;2233;CIUDAD VIEJA -- PARQUE ROOSEVELT;4542;B
83229972;483;D10;3;2233;CIUDAD VIEJA -- PARQUE ROOSEVELT;4543;A
83229973;12;D9;5;2234;CIUDAD VIEJA-PASO CARRASCO (MONTERREY);4545;B
83229974;12;D9;5;2234;CIUDAD VIEJA-PASO CARRASCO (MONTERREY);4546;A
83378028;139;L40;1;2235;BUCEO - 8 DE OCT Y COMERCIO;4560;A
83378029;139;L40;1;2235;BUCEO - 8 DE OCT Y COMERCIO;4561;B
83678216;165;L26;5;2236;TERMINAL CERRO -- BELVEDERE;4562;A
83678217;165;L26;5;2236;TERMINAL CERRO -- BELVEDERE;4563;B
85116361;72;157;3;2239;PASO DE LA ARENA - BVAR ARTIGAS Y RIVERA;4569;A
85116362;72;157;3;2239;PASO DE LA ARENA - BVAR ARTIGAS Y RIVERA;4570;B
85283655;33;111;6;991;TRES CRUCES -- MALVIN;4581;A
85359842;1;402;5;2241;CIUDADELA --- MALVIN;4584;A
85359843;1;402;5;2241;CIUDADELA --- MALVIN;4585;B
85359844;8;456;7;2242;CIUDADELA -- INSTRUCCIONES;4586;A
85359845;8;456;7;2242;CIUDADELA -- INSTRUCCIONES;4587;B
85507562;33;111;9;2243;ADUANA -- MALVIN (NOC);4588;A
85507563;33;111;9;2243;ADUANA -- MALVIN (NOC);4589;B
85585822;445;148;30;2244;CIUDADELA -- AVIACION;4590;A
85585823;445;148;30;2244;CIUDADELA -- AVIACION;4591;B
85585824;445;148;32;2246;FAUQUET -- CIUDADELA;4598;A
85585825;445;148;32;2246;FAUQUET -- CIUDADELA;4599;B
85585826;53;135;3;2250;CIUDADELA -- PUNTA ESPINILLO;4613;A
85585827;53;135;3;2250;CIUDADELA -- PUNTA ESPINILLO;4614;B
85585828;61;143;7;2251;CIUDADELA --- JOSE BATLLE Y ORDOÑEZ (CIRCUITO);4615;A
85585829;445;148;35;2249;CIUDADELA -- TERMINAL COLON;4616;A
85585830;445;148;35;2249;CIUDADELA -- TERMINAL COLON;4617;B
85585831;61;143;7;2251;CIUDADELA --- JOSE BATLLE Y ORDOÑEZ (CIRCUITO);4618;B
85585832;68;150;2;2252;CIUDADELA --- LA PILARICA;4619;A
85585833;68;150;2;2252;CIUDADELA --- LA PILARICA;4620;B
85585834;70;155;7;2253;CIUDADELA -- PUNTA RIELES BARRIO NVO ESPAÑA;4621;A
85585835;70;155;7;2253;CIUDADELA -- PUNTA RIELES BARRIO NVO ESPAÑA;4622;B
85585836;71;156;4;2254;CIUDADELA -- HIPODROMO;4623;A
85585837;71;156;4;2254;CIUDADELA -- HIPODROMO;4624;B
85585838;73;158;21;2255;CIUDADELA -- GRUTA DE LOURDES;4625;A
85585839;73;158;21;2255;CIUDADELA -- GRUTA DE LOURDES;4626;B
85585840;73;158;22;2256;CIUDADELA --- MENDOZA;4627;A
85585841;73;158;22;2256;CIUDADELA --- MENDOZA;4628;B
85585842;445;148;36;2258;CIUDADELA -- AVIACION (PQUE AMBIENTALISTA);4633;A
85585843;445;148;36;2258;CIUDADELA -- AVIACION (PQUE AMBIENTALISTA);4634;B
85585844;78;169;10;2260;CIUDADELA ---TOLEDO CHICO;4635;A
85585845;78;169;10;2260;CIUDADELA ---TOLEDO CHICO;4636;B
85585846;78;169;11;2261;CIUDADELA --- MANGA;4637;A
85585847;78;169;11;2261;CIUDADELA --- MANGA;4638;B
85585848;83;175;2;2262;CIUDADELA --- LAS PIEDRAS;4639;A
85585849;83;175;2;2262;CIUDADELA --- LAS PIEDRAS;4640;B
85585850;92;191;2;2263;CIUDADELA --- PUNTA CARRETAS;4641;A
85585851;92;191;2;2263;CIUDADELA --- PUNTA CARRETAS;4642;B
85585852;444;147;6;2264;CIUDADELA -- COMPLEJO AMERICA;4643;A
85585853;444;147;6;2264;CIUDADELA -- COMPLEJO AMERICA;4644;B
85585867;445;148;37;2265;FAUQUET -- CIUDADELA (PQUE AMBIENTALISTA);4645;A
85585868;445;148;37;2265;FAUQUET -- CIUDADELA (PQUE AMBIENTALISTA);4646;B
85585977;15;505;8;2266;TERMINAL CIUDADELA -- ANDALUZ/PSO. ESPAÑOLA;4649;A
85585978;15;505;8;2266;TERMINAL CIUDADELA -- ANDALUZ/PSO. ESPAÑOLA;4650;B
85585981;43;125;6;2267;CIUDADELA -- PLAYA DEL CERRO_1;4651;A
85585982;45;127;19;2268;CIUDADELA -- DELTA DEL TIGRE;4652;A
85585983;45;127;19;2268;CIUDADELA -- DELTA DEL TIGRE;4653;B
85585985;45;127;20;2269;CIUDADELA -- DELTA DEL TIGRE (POR PENAL);4654;A
85585986;45;127;20;2269;CIUDADELA -- DELTA DEL TIGRE (POR PENAL);4655;B
85585991;45;127;21;2270;CIUDADELA -- RUTA 1/KM 26;4656;A
85585992;45;127;21;2270;CIUDADELA -- RUTA 1/KM 26;4657;B
85585995;45;127;22;2271;CIUDADELA -- RUTA 1/KM 26 (POR PENAL);4658;A
85585996;45;127;22;2271;CIUDADELA -- RUTA 1/KM 26 (POR PENAL);4659;B
85660710;133;330;5;2274;INSTRUCCIONES --- CIUDADELA;4671;A
85660711;133;330;5;2274;INSTRUCCIONES --- CIUDADELA;4672;B
85663660;135;396;5;2275;INSTRUCCIONES -- CIUDADELA (PLAN ABC);4701;A
85663661;135;396;5;2275;INSTRUCCIONES -- CIUDADELA (PLAN ABC);4702;B
85742729;496;130;6;2273;CIUDADELA --- LA PAZ (CIRCULAR);4747;A
85742730;496;130;6;2273;CIUDADELA --- LA PAZ (CIRCULAR);4748;B
85742736;496;130;7;2276;CIUDADELA --- LA PAZ;4753;A
85742737;496;130;7;2276;CIUDADELA --- LA PAZ;4754;B
85742738;482;79;5;2277;TERMINAL CIUDADELA --- INTERCAMBIADOR BELLONI;4755;A
85742739;482;79;5;2277;TERMINAL CIUDADELA --- INTERCAMBIADOR BELLONI;4756;B
86808427;34;112;9;2279;PORTONES - GARIBALDI;4787;A
86808428;34;112;9;2279;PORTONES - GARIBALDI;4788;B
86883799;34;112;10;2280;PLAZA ESPAÑA - PORTONES (POR PUNTA GORDA);4789;B
88161087;452;L3;4;2281;PASO MOLINO - TERMINAL COLON (LICEO 51 Y UTU);4790;A
88161088;452;L3;4;2281;PASO MOLINO - TERMINAL COLON (LICEO 51 Y UTU);4791;B
88161089;403;L28;3;2282;PASO MOLINO - NUEVO PARIS (LICEO 51 Y UTU);4792;A
88161090;403;L28;3;2282;PASO MOLINO - NUEVO PARIS (LICEO 51 Y UTU);4793;B
89037438;56;140;10;2284;CIUDADELA --- PORTONES;4797;A
89037439;56;140;10;2284;CIUDADELA --- PORTONES;4798;B
89843900;453;M-A;7;2287;PLAZA INDEPENDENCIA - POCITOS (8/12/2023);4809;A
89843901;453;M-A;7;2287;PLAZA INDEPENDENCIA - POCITOS (8/12/2023);4810;B
90935477;27;103;21;2288;ADUANA-CNO MALDONADO KM21 (POR MONARCA);4820;A
90935478;27;103;21;2288;ADUANA-CNO MALDONADO KM21 (POR MONARCA);4821;B
91215938;90;187;8;2290;PLAZA INDEPENDENCIA---PALACIO DE LA LUZ;4828;A
91215939;90;187;8;2290;PLAZA INDEPENDENCIA---PALACIO DE LA LUZ;4829;B
91215940;90;187;7;2289;C. VIEJA --- PALACIO DE LA LUZ;4830;A
91215941;90;187;7;2289;C. VIEJA --- PALACIO DE LA LUZ;4831;B
91215942;91;188;6;2292;PLAZA INDEPENDENCIA---PALACIO DE LA LUZ;4832;A
91215943;91;188;6;2292;PLAZA INDEPENDENCIA---PALACIO DE LA LUZ;4833;B
91215944;91;188;5;2291;C. VIEJA---PALACIO DE LA LUZ;4834;A
91215945;91;188;5;2291;C. VIEJA---PALACIO DE LA LUZ;4835;B
91662329;134;370;6;2293;PORTONES ---PLAYA DEL CERRO/DIQUE;4852;A
91662330;134;370;6;2293;PORTONES ---PLAYA DEL CERRO/DIQUE;4853;B
91662348;134;370;5;2212;PORTONES -- PLAYA DEL CERRO DIQUE (LICEO 11);4876;A
91736975;480;76;4;2294;PLAYA DEL CERRO--PUNTA CARRETAS;4877;A
91736976;480;76;4;2294;PLAYA DEL CERRO--PUNTA CARRETAS;4878;B
91811734;484;L12;3;2295;PUNTAS DE SAYAGO--DIQUE NACIONAL;4893;B
91811735;484;L12;4;2296;DIQUE NACIONAL--PUNTAS DE SAYAGO;4894;A
91811736;484;L12;4;2296;DIQUE NACIONAL--PUNTAS DE SAYAGO;4895;B
92284560;134;370;7;2299;PORTONES --DIQUE NACIONAL (LICEO);4915;A
95610150;140;CE2;1;2300;PALACIO DE LA LUZ - CIUDAD VIEJA;4916;A
95610151;140;CE2;1;2300;PALACIO DE LA LUZ - CIUDAD VIEJA;4917;B
95684975;41;124;7;2301;CIUDADELA - SANTA CATALINA;4921;A
97047265;31;109;8;2302;PLAZA ESPAÑA - BARRIO OBRERO (RACINE);4922;A
97154702;31;109;8;2302;PLAZA ESPAÑA - BARRIO OBRERO (RACINE);4923;B
97154720;444;147;7;2303;COMPLEJO AMERICA - MILLAN;4924;A
97154721;444;147;7;2303;COMPLEJO AMERICA - MILLAN;4925;B
98382741;2;404;3;2304;PALACIO DE LA LUZ -- CJO JUANA DE AMERICA;4928;A
98382742;2;404;3;2304;PALACIO DE LA LUZ -- CJO JUANA DE AMERICA;4929;B
98382743;2;404;4;2305;PALACIO DE LA LUZ (ANTEL) -- CJO JUANA DE AMERICA;4930;A
98382744;2;404;4;2305;PALACIO DE LA LUZ (ANTEL) -- CJO JUANA DE AMERICA;4931;B
98457495;448;329;18;2306;PUNTA CARRETAS --- TERMINAL COLÓN;4941;B
98457496;448;329;18;2306;PUNTA CARRETAS --- TERMINAL COLÓN;4942;A
98457497;448;329;19;2307;PUNTA CARRETAS --- FAUQUET POR SAINT BOIS;4943;A
98457498;448;329;19;2307;PUNTA CARRETAS --- FAUQUET POR SAINT BOIS;4944;B
98457499;448;329;20;2308;PUNTA CARRETAS --- MELILLA;4945;A
98457500;448;329;20;2308;PUNTA CARRETAS --- MELILLA;4946;B
98457501;448;329;23;2311;PUNTA CARRETAS --- MELILLA (PQUE AMBIENTALISTA);4951;A
98457502;448;329;23;2311;PUNTA CARRETAS --- MELILLA (PQUE AMBIENTALISTA);4952;B
98457506;448;329;21;2309;PTA CARRETAS --- FAUQUET(PQUE AMBIENTALISTA);4947;A
98457507;448;329;21;2309;PTA CARRETAS --- FAUQUET(PQUE AMBIENTALISTA);4948;B
98457508;448;329;22;2310;PTA CARRETAS --- S BOIS (PQUE);4949;A
98457509;448;329;22;2310;PTA CARRETAS --- S BOIS (PQUE);4950;B
99808637;140;CE2;2;2312;PALACIO DE LA LUZ - PLAZA INDEPENDENCIA;4972;B
99808638;140;CE2;2;2312;PALACIO DE LA LUZ - PLAZA INDEPENDENCIA;4973;A
99884239;38;116;4;2313;POCITOS - URUGUAY Y FLORIDA;4974;A
103764584;141;BT1;1;2314;CIRCUITO CENTRAL;4986;A
103764605;142;BT2;1;2315;CIRCUITO RAMBLA;4987;B
104442252;116;L4;2;2318;TERMINAL CERRO -- LA BOYADA;4990;A
104442253;116;L4;2;2318;TERMINAL CERRO -- LA BOYADA;4991;B
105242955;144;BT4;2;2319;CIRCUITO LECOCQ - PRADO;4994;A
105242968;144;BT4;2;2319;CIRCUITO LECOCQ - PRADO;4995;B
105242993;143;BT3;2;2320;PLAYA DEL CERRO_ PRADO;4996;A
105242994;143;BT3;2;2320;PLAYA DEL CERRO_ PRADO;4997;B
105583200;142;BT2;2;2321;CIRCUITO RAMBLA PARQUE RODO-MALVIN;4998;A
